Workbook

Sheet dirty data
A1: Customer_ID | B1: Raw_Customer_Name | C1: Raw_Account_Number | D1: Raw_Phone_Number | E1: Raw_Email | F1: Raw_Branch_Code | G1: Raw_Last_Transaction_Date | H1: Raw_Balance
A2: CUST001 | B2: ram sharma | C2: 1234567890-AB | D2: +977 98-76543210 | E2: ram.sharma@email.com | F2: NABIL0001234 | G2: 22-02-19 | H2: NPR 1 | I2: 23 | J2: 456.78
A3: CUST002 | B3: SITA DEVI | C3: 9876543210 | D3: +97798 7654321 | E3: sita.devi@bank.np | F3: NABIL 001234 | G3: 31-10-18 | H3: NPR2 | I3: 34 | J3: 567
A4: CUST003 | B4: Hari Prasad Khanal | C4: 12-34567890 | D4: +977 9841234567 | E4: hari.prasad@gmail.com | F4: NBLB0005678 | G4: 43135 | H4: 45 | I4: 678.9
A5: CUST004 | B5: Gita Kumari | C5: 9876543-210AB | D5: =977 - 9801234567 -> -9801233590 | E5: gita@outlook.com | F5: NABIL0009876 | G5: 43323 | H5: NPR 67 | I5: 890
A6: CUST005 | B6: Bikash Thapa | C6: 12345678901 | D6: +977 986543210 | E6: bikash.thapa@fintech.np | F6: PRAB0001234 | G6: 19-07-18 | H6: NPR 12 | I6: 345.67
A7: CUST006 | B7: Sushma Sharma | C7: 987-654-3210 | D7: 9779854321098 | E7: sushma.sharma@yahoo.com | F7: NIBL0004321 | G7: 22-04-18 | H7: 98 | I7: 765
A8: CUST007 | B8: Krishna Bahadur | C8: 1234567890 | D8: +977 97-6543210 | E8: krishna.bdr@gmail.com | F8: NABIL 005678 | G8: 14-02-19 | H8: NPR1 | I8: 23 | J8: 456
A9: CUST008 | B9: Laxmi Devi | C9: 9876543210-XY | D9: 977984123456 | E9: laxmi.devi@bank.com | F9: PRAB0009876 | G9: 21-09-19 | H9: 5 | I9: 67 | J9: 890
A10: CUST009 | B10: Rajesh KC | C10: 12-3456789012 | D10: +977 9807654321 | E10: rajesh.kc@fintech.np | F10: NBLB0001111 | G10: 24-10-19 | H10: NPR 23 | I10: 456
A11: CUST010 | B11: Anita Shrestha | C11: 9876543210 | D11: +977 98-7654 3210 | E11: anita.shrestha@gmail.com | F11: NABIL0002222 | G11: 26-02-20 | H11: NPR 78 | I11: 901.23
A12: CUST011 | B12: Deepak Pandey | C12: 1234-567890AB | D12: 9779865432109 | E12: deepak.pandey@bank.np | F12: PRAB0003333 | G12: 43745 | H12: 34 | I12: 567.89
A13: CUST012 | B13: Meena Gurung | C13: 9876543210 | D13: +977 97 654 3210 | E13: meena.gurung@yahoo.com | F13: NIBL0004444 | G13: 22-02-19 | H13: NPR 1 | I13: 11 | J13: 222
A14: CUST013 | B14: Suman Thapa | C14: 12-34567890 | D14: 9779841234567 | E14: suman.thapa@fintech.np | F14: NABIL0005555 | G14: 31-10-18 | H14: 56 | I14: 789
A15: CUST014 | B15: Priya Sharma | C15: 9876543210AB | D15: +977 98-76543210 | E15: priya.sharma@gmail.com | F15: PRAB0006666 | G15: 43135 | H15: NPR 90 | I15: 123.45
A16: CUST015 | B16: Ramesh KC | C16: 1234567890 | D16: +977 986543210 | E16: ramesh.kc@bank.np | F16: NBLB0007777 | G16: 43323 | H16: 12 | I16: 345
A17: CUST016 | B17: Sunita Devi | C17: 987-654-3210 | D17: 9779854321098 | E17: sunita.devi@outlook.com | F17: NABIL0008888 | G17: 19-07-18 | H17: NPR 67 | I17: 890.12
A18: CUST017 | B18: Anil Bahadur | C18: 12345678901 | D18: +977 97-6543210 | E18: anil.bdr@gmail.com | F18: PRAB0009999 | G18: 22-04-18 | H18: 45 | I18: 678.9
A19: CUST018 | B19: Pooja Shrestha | C19: 9876543210 | D19: +977 98 7654 3210 | E19: pooja.shrestha@fintech.np | F19: NIBL0000001 | G19: 14-02-19 | H19: NPR 23 | I19: 456.78
A20: CUST019 | B20: Mohan Pandey | C20: 12-34567890 | D20: 977984123456 | E20: mohan.pandey@yahoo.com | F20: NABIL0001112 | G20: 21-09-19 | H20: 78 | I20: 901
A21: CUST020 | B21: Rekha Gurung | C21: 9876543210-XY | D21: +977 9865432109 | E21: rekha.gurung@bank.np | F21: PRAB0002223 | G21: 24-10-19 | H21: NPR 1 | I21: 23 | J21: 456
A22: CUST021 | B22: Bijay Thapa | C22: 1234567890 | D22: +977 97 654 3210 | E22: bijay.thapa@gmail.com | F22: NBLB0003334 | G22: 26-02-20 | H22: 56 | I22: 789
A23: CUST022 | B23: Sarita KC | C23: 9876543-210 | D23: 9779807654321 | E23: sarita.kc@fintech.np | F23: NABIL0004445 | G23: 43745 | H23: NPR 90 | I23: 123
A24: CUST023 | B24: Dinesh Sharma | C24: 1234-567890AB | D24: +977 98-76543210 | E24: dinesh.sharma@bank.np | F24: PRAB0005556 | G24: 22-02-19 | H24: 12 | I24: 345.67
A25: CUST024 | B25: Kabita Devi | C25: 9876543210 | D25: +977 986543210 | E25: kabita.devi@gmail.com | F25: NIBL0006667 | G25: 31-10-18 | H25: NPR 67 | I25: 890
A26: CUST025 | B26: Govinda Bahadur | C26: 12-3456789012 | D26: +977 97-6543210 | E26: govinda.bdr@outlook.com | F26: NABIL0007778 | G26: 43135 | H26: 45 | I26: 678.9

Sheet cleaning process
A1: Customer ID | B1: Customer name | C1: Account Number | D1: final account number | E1: validation | F1: masking | G1: Phone Number | I1: len | J1: final | L1: email | M1: Branch code | N1: clean branch code | O1: clean branch code | P1: clean branch id | R1: transactions | U1: clean balance
A2: CUST001 | B2: =PROPER(TRIM('dirty data'!B2)) -> Ram Sharma | C2: =TRIM('dirty data'!C2) -> 1234567890-AB | D2: =SUBSTITUTE(SUBSTITUTE(SUBSTITUTE(C2, "-", ""), "AB", ""), "XY", "") -> 1234567890 | E2: =IF(AND(LEN(D2)=10,LEN(D2)<=13), "Valid Account", "Review") -> Valid Account | F2: =LEFT(D2,6) & REPT("X",LEN(D2)-6) -> 123456XXXX | G2: =TRIM('dirty data'!D2) -> +977 98-76543210 | H2: =CLEAN(SUBSTITUTE(SUBSTITUTE(SUBSTITUTE(SUBSTITUTE(G2, "+977", ""), "-",""), "977", "")," ","")) & "" -> 9876543210 | I2: =LEN(H2) -> 10 | J2: =VALUE(H2) -> 9876543210 | K2: =IF(LEN(J2)=10, "Valid Number", "review- Incomplete number") -> Valid Number | L2: =TRIM('dirty data'!E2) -> ram.sharma@email.com | M2: =CLEAN(TRIM('dirty data'!F2)) -> NABIL0001234 | N2: =SUBSTITUTE(M2, " ", "") -> NABIL0001234 | O2: =SUBSTITUTE(LEFT(M2,5), "0","") -> NABIL | P2: =RIGHT(N2, 5) -> 01234 | Q2: =SUBSTITUTE('dirty data'!G2,"-","/") -> 22/02/19 | R2: =IFERROR(IF(ISNUMBER(Q2),TEXT(Q2,"dd/mm/yyyy"),TEXT(Q2,"dd/mm/yyyy")),"Review") -> 22/02/19 | T2: =TRIM(_xlfn.CONCAT('dirty data'!H2,'dirty data'!I2,'dirty data'!J2)) -> NPR 123456.78 | U2: =VALUE(TEXT(SUBSTITUTE(SUBSTITUTE(T2,"NPR",""), " ",""),"$#,##,###.00")) -> 123456.78
A3: CUST002 | B3: =PROPER(TRIM('dirty data'!B3)) -> Sita Devi | C3: =TRIM('dirty data'!C3) -> 9876543210 | D3: =SUBSTITUTE(SUBSTITUTE(SUBSTITUTE(C3, "-", ""), "AB", ""), "XY", "") -> 9876543210 | E3: =IF(AND(LEN(D3)=10,LEN(D3)<=13), "Valid Account", "Review") -> Valid Account | F3: =LEFT(D3,6) & REPT("X",LEN(D3)-6) -> 987654XXXX | G3: =TRIM('dirty data'!D3) -> +97798 7654321 | H3: =CLEAN(SUBSTITUTE(SUBSTITUTE(SUBSTITUTE(SUBSTITUTE(G3, "+977", ""), "-",""), "977", "")," ","")) & "" -> 987654321 | I3: =LEN(H3) -> 9 | J3: =VALUE(H3) -> 987654321 | K3: =IF(LEN(J3)=10, "Valid Number", "review- Incomplete number") -> review- Incomplete number | L3: =TRIM('dirty data'!E3) -> sita.devi@bank.np | M3: =CLEAN(TRIM('dirty data'!F3)) -> NABIL 001234 | N3: =SUBSTITUTE(M3, " ", "") -> NABIL001234 | O3: =SUBSTITUTE(LEFT(M3,5), "0","") -> NABIL | P3: =RIGHT(N3, 5) -> 01234 | Q3: =SUBSTITUTE('dirty data'!G3,"-","/") -> 31/10/18 | R3: =IFERROR(IF(ISNUMBER(Q3),TEXT(Q3,"dd/mm/yyyy"),TEXT(Q3,"dd/mm/yyyy")),"Review") -> 31/10/18 | T3: =TRIM(_xlfn.CONCAT('dirty data'!H3,'dirty data'!I3,'dirty data'!J3)) -> NPR234567 | U3: =VALUE(TEXT(SUBSTITUTE(SUBSTITUTE(T3,"NPR",""), " ",""),"$#,##,###.00")) -> 234567
A4: CUST003 | B4: =PROPER(TRIM('dirty data'!B4)) -> Hari Prasad Khanal | C4: =TRIM('dirty data'!C4) -> 12-34567890 | D4: =SUBSTITUTE(SUBSTITUTE(SUBSTITUTE(C4, "-", ""), "AB", ""), "XY", "") -> 1234567890 | E4: =IF(AND(LEN(D4)=10,LEN(D4)<=13), "Valid Account", "Review") -> Valid Account | F4: =LEFT(D4,6) & REPT("X",LEN(D4)-6) -> 123456XXXX | G4: =TRIM('dirty data'!D4) -> +977 9841234567 | H4: =CLEAN(SUBSTITUTE(SUBSTITUTE(SUBSTITUTE(SUBSTITUTE(G4, "+977", ""), "-",""), "977", "")," ","")) & "" -> 9841234567 | I4: =LEN(H4) -> 10 | J4: =VALUE(H4) -> 9841234567 | K4: =IF(LEN(J4)=10, "Valid Number", "review- Incomplete number") -> Valid Number | L4: =TRIM('dirty data'!E4) -> hari.prasad@gmail.com | M4: =CLEAN(TRIM('dirty data'!F4)) -> NBLB0005678 | N4: =SUBSTITUTE(M4, " ", "") -> NBLB0005678 | O4: =SUBSTITUTE(LEFT(M4,5), "0","") -> NBLB | P4: =RIGHT(N4, 5) -> 05678 | Q4: =SUBSTITUTE('dirty data'!G4,"-","/") -> 43135 | R4: =IFERROR(IF(ISNUMBER(Q4),TEXT(Q4,"dd/mm/yyyy"),TEXT(Q4,"dd/mm/yyyy")),"Review") -> 04/02/2018 | T4: =TRIM(_xlfn.CONCAT('dirty data'!H4,'dirty data'!I4,'dirty data'!J4)) -> 45678.9 | U4: =VALUE(TEXT(SUBSTITUTE(SUBSTITUTE(T4,"NPR",""), " ",""),"$#,##,###.00")) -> 45678.9
A5: CUST004 | B5: =PROPER(TRIM('dirty data'!B5)) -> Gita Kumari | C5: =TRIM('dirty data'!C5) -> 9876543-210AB | D5: =SUBSTITUTE(SUBSTITUTE(SUBSTITUTE(C5, "-", ""), "AB", ""), "XY", "") -> 9876543210 | E5: =IF(AND(LEN(D5)=10,LEN(D5)<=13), "Valid Account", "Review") -> Valid Account | F5: =LEFT(D5,6) & REPT("X",LEN(D5)-6) -> 987654XXXX | G5: =TRIM('dirty data'!D5) -> -9801233590 | H5: =CLEAN(SUBSTITUTE(SUBSTITUTE(SUBSTITUTE(SUBSTITUTE(G5, "+977", ""), "-",""), "977", "")," ","")) & "" -> 9801233590 | I5: =LEN(H5) -> 10 | J5: =VALUE(H5) -> 9801233590 | K5: =IF(LEN(J5)=10, "Valid Number", "review- Incomplete number") -> Valid Number | L5: =TRIM('dirty data'!E5) -> gita@outlook.com | M5: =CLEAN(TRIM('dirty data'!F5)) -> NABIL0009876 | N5: =SUBSTITUTE(M5, " ", "") -> NABIL0009876 | O5: =SUBSTITUTE(LEFT(M5,5), "0","") -> NABIL | P5: =RIGHT(N5, 5) -> 09876 | Q5: =SUBSTITUTE('dirty data'!G5,"-","/") -> 43323 | R5: =IFERROR(IF(ISNUMBER(Q5),TEXT(Q5,"dd/mm/yyyy"),TEXT(Q5,"dd/mm/yyyy")),"Review") -> 11/08/2018 | T5: =TRIM(_xlfn.CONCAT('dirty data'!H5,'dirty data'!I5,'dirty data'!J5)) -> NPR 67890 | U5: =VALUE(TEXT(SUBSTITUTE(SUBSTITUTE(T5,"NPR",""), " ",""),"$#,##,###.00")) -> 67890
A6: CUST005 | B6: =PROPER(TRIM('dirty data'!B6)) -> Bikash Thapa | C6: =TRIM('dirty data'!C6) -> 12345678901 | D6: =SUBSTITUTE(SUBSTITUTE(SUBSTITUTE(C6, "-", ""), "AB", ""), "XY", "") -> 12345678901 | E6: =IF(AND(LEN(D6)=10,LEN(D6)<=13), "Valid Account", "Review") -> Review | F6: =LEFT(D6,6) & REPT("X",LEN(D6)-6) -> 123456XXXXX | G6: =TRIM('dirty data'!D6) -> +977 986543210 | H6: =CLEAN(SUBSTITUTE(SUBSTITUTE(SUBSTITUTE(SUBSTITUTE(G6, "+977", ""), "-",""), "977", "")," ","")) & "" -> 986543210 | I6: =LEN(H6) -> 9 | J6: =VALUE(H6) -> 986543210 | K6: =IF(LEN(J6)=10, "Valid Number", "review- Incomplete number") -> review- Incomplete number | L6: =TRIM('dirty data'!E6) -> bikash.thapa@fintech.np | M6: =CLEAN(TRIM('dirty data'!F6)) -> PRAB0001234 | N6: =SUBSTITUTE(M6, " ", "") -> PRAB0001234 | O6: =SUBSTITUTE(LEFT(M6,5), "0","") -> PRAB | P6: =RIGHT(N6, 5) -> 01234 | Q6: =SUBSTITUTE('dirty data'!G6,"-","/") -> 19/07/18 | R6: =IFERROR(IF(ISNUMBER(Q6),TEXT(Q6,"dd/mm/yyyy"),TEXT(Q6,"dd/mm/yyyy")),"Review") -> 19/07/18 | T6: =TRIM(_xlfn.CONCAT('dirty data'!H6,'dirty data'!I6,'dirty data'!J6)) -> NPR 12345.67 | U6: =VALUE(TEXT(SUBSTITUTE(SUBSTITUTE(T6,"NPR",""), " ",""),"$#,##,###.00")) -> 12345.67
A7: CUST006 | B7: =PROPER(TRIM('dirty data'!B7)) -> Sushma Sharma | C7: =TRIM('dirty data'!C7) -> 987-654-3210 | D7: =SUBSTITUTE(SUBSTITUTE(SUBSTITUTE(C7, "-", ""), "AB", ""), "XY", "") -> 9876543210 | E7: =IF(AND(LEN(D7)=10,LEN(D7)<=13), "Valid Account", "Review") -> Valid Account | F7: =LEFT(D7,6) & REPT("X",LEN(D7)-6) -> 987654XXXX | G7: =TRIM('dirty data'!D7) -> 9779854321098 | H7: =CLEAN(SUBSTITUTE(SUBSTITUTE(SUBSTITUTE(SUBSTITUTE(G7, "+977", ""), "-",""), "977", "")," ","")) & "" -> 9854321098 | I7: =LEN(H7) -> 10 | J7: =VALUE(H7) -> 9854321098 | K7: =IF(LEN(J7)=10, "Valid Number", "review- Incomplete number") -> Valid Number | L7: =TRIM('dirty data'!E7) -> sushma.sharma@yahoo.com | M7: =CLEAN(TRIM('dirty data'!F7)) -> NIBL0004321 | N7: =SUBSTITUTE(M7, " ", "") -> NIBL0004321 | O7: =SUBSTITUTE(LEFT(M7,5), "0","") -> NIBL | P7: =RIGHT(N7, 5) -> 04321 | Q7: =SUBSTITUTE('dirty data'!G7,"-","/") -> 22/04/18 | R7: =IFERROR(IF(ISNUMBER(Q7),TEXT(Q7,"dd/mm/yyyy"),TEXT(Q7,"dd/mm/yyyy")),"Review") -> 22/04/18 | T7: =TRIM(_xlfn.CONCAT('dirty data'!H7,'dirty data'!I7,'dirty data'!J7)) -> 98765 | U7: =VALUE(TEXT(SUBSTITUTE(SUBSTITUTE(T7,"NPR",""), " ",""),"$#,##,###.00")) -> 98765
A8: CUST007 | B8: =PROPER(TRIM('dirty data'!B8)) -> Krishna Bahadur | C8: =TRIM('dirty data'!C8) -> 1234567890 | D8: =SUBSTITUTE(SUBSTITUTE(SUBSTITUTE(C8, "-", ""), "AB", ""), "XY", "") -> 1234567890 | E8: =IF(AND(LEN(D8)=10,LEN(D8)<=13), "Valid Account", "Review") -> Valid Account | F8: =LEFT(D8,6) & REPT("X",LEN(D8)-6) -> 123456XXXX | G8: =TRIM('dirty data'!D8) -> +977 97-6543210 | H8: =CLEAN(SUBSTITUTE(SUBSTITUTE(SUBSTITUTE(SUBSTITUTE(G8, "+977", ""), "-",""), "977", "")," ","")) & "" -> 976543210 | I8: =LEN(H8) -> 9 | J8: =VALUE(H8) -> 976543210 | K8: =IF(LEN(J8)=10, "Valid Number", "review- Incomplete number") -> review- Incomplete number | L8: =TRIM('dirty data'!E8) -> krishna.bdr@gmail.com | M8: =CLEAN(TRIM('dirty data'!F8)) -> NABIL 005678 | N8: =SUBSTITUTE(M8, " ", "") -> NABIL005678 | O8: =SUBSTITUTE(LEFT(M8,5), "0","") -> NABIL | P8: =RIGHT(N8, 5) -> 05678 | Q8: =SUBSTITUTE('dirty data'!G8,"-","/") -> 14/02/19 | R8: =IFERROR(IF(ISNUMBER(Q8),TEXT(Q8,"dd/mm/yyyy"),TEXT(Q8,"dd/mm/yyyy")),"Review") -> 14/02/19 | T8: =TRIM(_xlfn.CONCAT('dirty data'!H8,'dirty data'!I8,'dirty data'!J8)) -> NPR123456 | U8: =VALUE(TEXT(SUBSTITUTE(SUBSTITUTE(T8,"NPR",""), " ",""),"$#,##,###.00")) -> 123456
A9: CUST008 | B9: =PROPER(TRIM('dirty data'!B9)) -> Laxmi Devi | C9: =TRIM('dirty data'!C9) -> 9876543210-XY | D9: =SUBSTITUTE(SUBSTITUTE(SUBSTITUTE(C9, "-", ""), "AB", ""), "XY", "") -> 9876543210 | E9: =IF(AND(LEN(D9)=10,LEN(D9)<=13), "Valid Account", "Review") -> Valid Account | F9: =LEFT(D9,6) & REPT("X",LEN(D9)-6) -> 987654XXXX | G9: =TRIM('dirty data'!D9) -> 977984123456 | H9: =CLEAN(SUBSTITUTE(SUBSTITUTE(SUBSTITUTE(SUBSTITUTE(G9, "+977", ""), "-",""), "977", "")," ","")) & "" -> 984123456 | I9: =LEN(H9) -> 9 | J9: =VALUE(H9) -> 984123456 | K9: =IF(LEN(J9)=10, "Valid Number", "review- Incomplete number") -> review- Incomplete number | L9: =TRIM('dirty data'!E9) -> laxmi.devi@bank.com | M9: =CLEAN(TRIM('dirty data'!F9)) -> PRAB0009876 | N9: =SUBSTITUTE(M9, " ", "") -> PRAB0009876 | O9: =SUBSTITUTE(LEFT(M9,5), "0","") -> PRAB | P9: =RIGHT(N9, 5) -> 09876 | Q9: =SUBSTITUTE('dirty data'!G9,"-","/") -> 21/09/19 | R9: =IFERROR(IF(ISNUMBER(Q9),TEXT(Q9,"dd/mm/yyyy"),TEXT(Q9,"dd/mm/yyyy")),"Review") -> 21/09/19 | T9: =TRIM(_xlfn.CONCAT('dirty data'!H9,'dirty data'!I9,'dirty data'!J9)) -> 567890 | U9: =VALUE(TEXT(SUBSTITUTE(SUBSTITUTE(T9,"NPR",""), " ",""),"$#,##,###.00")) -> 567890
A10: CUST009 | B10: =PROPER(TRIM('dirty data'!B10)) -> Rajesh Kc | C10: =TRIM('dirty data'!C10) -> 12-3456789012 | D10: =SUBSTITUTE(SUBSTITUTE(SUBSTITUTE(C10, "-", ""), "AB", ""), "XY", "") -> 123456789012 | E10: =IF(AND(LEN(D10)=10,LEN(D10)<=13), "Valid Account", "Review") -> Review | F10: =LEFT(D10,6) & REPT("X",LEN(D10)-6) -> 123456XXXXXX | G10: =TRIM('dirty data'!D10) -> +977 9807654321 | H10: =CLEAN(SUBSTITUTE(SUBSTITUTE(SUBSTITUTE(SUBSTITUTE(G10, "+977", ""), "-",""), "977", "")," ","")) & "" -> 9807654321 | I10: =LEN(H10) -> 10 | J10: =VALUE(H10) -> 9807654321 | K10: =IF(LEN(J10)=10, "Valid Number", "review- Incomplete number") -> Valid Number | L10: =TRIM('dirty data'!E10) -> rajesh.kc@fintech.np | M10: =CLEAN(TRIM('dirty data'!F10)) -> NBLB0001111 | N10: =SUBSTITUTE(M10, " ", "") -> NBLB0001111 | O10: =SUBSTITUTE(LEFT(M10,5), "0","") -> NBLB | P10: =RIGHT(N10, 5) -> 01111 | Q10: =SUBSTITUTE('dirty data'!G10,"-","/") -> 24/10/19 | R10: =IFERROR(IF(ISNUMBER(Q10),TEXT(Q10,"dd/mm/yyyy"),TEXT(Q10,"dd/mm/yyyy")),"Review") -> 24/10/19 | T10: =TRIM(_xlfn.CONCAT('dirty data'!H10,'dirty data'!I10,'dirty data'!J10)) -> NPR 23456 | U10: =VALUE(TEXT(SUBSTITUTE(SUBSTITUTE(T10,"NPR",""), " ",""),"$#,##,###.00")) -> 23456
A11: CUST010 | B11: =PROPER(TRIM('dirty data'!B11)) -> Anita Shrestha | C11: =TRIM('dirty data'!C11) -> 9876543210 | D11: =SUBSTITUTE(SUBSTITUTE(SUBSTITUTE(C11, "-", ""), "AB", ""), "XY", "") -> 9876543210 | E11: =IF(AND(LEN(D11)=10,LEN(D11)<=13), "Valid Account", "Review") -> Valid Account | F11: =LEFT(D11,6) & REPT("X",LEN(D11)-6) -> 987654XXXX | G11: =TRIM('dirty data'!D11) -> +977 98-7654 3210 | H11: =CLEAN(SUBSTITUTE(SUBSTITUTE(SUBSTITUTE(SUBSTITUTE(G11, "+977", ""), "-",""), "977", "")," ","")) & "" -> 9876543210 | I11: =LEN(H11) -> 10 | J11: =VALUE(H11) -> 9876543210 | K11: =IF(LEN(J11)=10, "Valid Number", "review- Incomplete number") -> Valid Number | L11: =TRIM('dirty data'!E11) -> anita.shrestha@gmail.com | M11: =CLEAN(TRIM('dirty data'!F11)) -> NABIL0002222 | N11: =SUBSTITUTE(M11, " ", "") -> NABIL0002222 | O11: =SUBSTITUTE(LEFT(M11,5), "0","") -> NABIL | P11: =RIGHT(N11, 5) -> 02222 | Q11: =SUBSTITUTE('dirty data'!G11,"-","/") -> 26/02/20 | R11: =IFERROR(IF(ISNUMBER(Q11),TEXT(Q11,"dd/mm/yyyy"),TEXT(Q11,"dd/mm/yyyy")),"Review") -> 26/02/20 | T11: =TRIM(_xlfn.CONCAT('dirty data'!H11,'dirty data'!I11,'dirty data'!J11)) -> NPR 78901.23 | U11: =VALUE(TEXT(SUBSTITUTE(SUBSTITUTE(T11,"NPR",""), " ",""),"$#,##,###.00")) -> 78901.23
A12: CUST011 | B12: =PROPER(TRIM('dirty data'!B12)) -> Deepak Pandey | C12: =TRIM('dirty data'!C12) -> 1234-567890AB | D12: =SUBSTITUTE(SUBSTITUTE(SUBSTITUTE(C12, "-", ""), "AB", ""), "XY", "") -> 1234567890 | E12: =IF(AND(LEN(D12)=10,LEN(D12)<=13), "Valid Account", "Review") -> Valid Account | F12: =LEFT(D12,6) & REPT("X",LEN(D12)-6) -> 123456XXXX | G12: =TRIM('dirty data'!D12) -> 9779865432109 | H12: =CLEAN(SUBSTITUTE(SUBSTITUTE(SUBSTITUTE(SUBSTITUTE(G12, "+977", ""), "-",""), "977", "")," ","")) & "" -> 9865432109 | I12: =LEN(H12) -> 10 | J12: =VALUE(H12) -> 9865432109 | K12: =IF(LEN(J12)=10, "Valid Number", "review- Incomplete number") -> Valid Number | L12: =TRIM('dirty data'!E12) -> deepak.pandey@bank.np | M12: =CLEAN(TRIM('dirty data'!F12)) -> PRAB0003333 | N12: =SUBSTITUTE(M12, " ", "") -> PRAB0003333 | O12: =SUBSTITUTE(LEFT(M12,5), "0","") -> PRAB | P12: =RIGHT(N12, 5) -> 03333 | Q12: =SUBSTITUTE('dirty data'!G12,"-","/") -> 43745 | R12: =IFERROR(IF(ISNUMBER(Q12),TEXT(Q12,"dd/mm/yyyy"),TEXT(Q12,"dd/mm/yyyy")),"Review") -> 07/10/2019 | T12: =TRIM(_xlfn.CONCAT('dirty data'!H12,'dirty data'!I12,'dirty data'!J12)) -> 34567.89 | U12: =VALUE(TEXT(SUBSTITUTE(SUBSTITUTE(T12,"NPR",""), " ",""),"$#,##,###.00")) -> 34567.89
A13: CUST012 | B13: =PROPER(TRIM('dirty data'!B13)) -> Meena Gurung | C13: =TRIM('dirty data'!C13) -> 9876543210 | D13: =SUBSTITUTE(SUBSTITUTE(SUBSTITUTE(C13, "-", ""), "AB", ""), "XY", "") -> 9876543210 | E13: =IF(AND(LEN(D13)=10,LEN(D13)<=13), "Valid Account", "Review") -> Valid Account | F13: =LEFT(D13,6) & REPT("X",LEN(D13)-6) -> 987654XXXX | G13: =TRIM('dirty data'!D13) -> +977 97 654 3210 | H13: =CLEAN(SUBSTITUTE(SUBSTITUTE(SUBSTITUTE(SUBSTITUTE(G13, "+977", ""), "-",""), "977", "")," ","")) & "" -> 976543210 | I13: =LEN(H13) -> 9 | J13: =VALUE(H13) -> 976543210 | K13: =IF(LEN(J13)=10, "Valid Number", "review- Incomplete number") -> review- Incomplete number | L13: =TRIM('dirty data'!E13) -> meena.gurung@yahoo.com | M13: =CLEAN(TRIM('dirty data'!F13)) -> NIBL0004444 | N13: =SUBSTITUTE(M13, " ", "") -> NIBL0004444 | O13: =SUBSTITUTE(LEFT(M13,5), "0","") -> NIBL | P13: =RIGHT(N13, 5) -> 04444 | Q13: =SUBSTITUTE('dirty data'!G13,"-","/") -> 22/02/19 | R13: =IFERROR(IF(ISNUMBER(Q13),TEXT(Q13,"dd/mm/yyyy"),TEXT(Q13,"dd/mm/yyyy")),"Review") -> 22/02/19 | T13: =TRIM(_xlfn.CONCAT('dirty data'!H13,'dirty data'!I13,'dirty data'!J13)) -> NPR 111222 | U13: =VALUE(TEXT(SUBSTITUTE(SUBSTITUTE(T13,"NPR",""), " ",""),"$#,##,###.00")) -> 111222
... A26: CUST025 | B26: =PROPER(TRIM('dirty data'!B26)) -> Govinda Bahadur | C26: =TRIM('dirty data'!C26) -> 12-3456789012 | D26: =SUBSTITUTE(SUBSTITUTE(SUBSTITUTE(C26, "-", ""), "AB", ""), "XY", "") -> 123456789012 | E26: =IF(AND(LEN(D26)=10,LEN(D26)<=13), "Valid Account", "Review") -> Review | F26: =LEFT(D26,6) & REPT("X",LEN(D26)-6) -> 123456XXXXXX | G26: =TRIM('dirty data'!D26) -> +977 97-6543210 | H26: =CLEAN(SUBSTITUTE(SUBSTITUTE(SUBSTITUTE(SUBSTITUTE(G26, "+977", ""), "-",""), "977", "")," ","")) & "" -> 976543210 | I26: =LEN(H26) -> 9 | J26: =VALUE(H26) -> 976543210 | K26: =IF(LEN(J26)=10, "Valid Number", "review- Incomplete number") -> review- Incomplete number | L26: =TRIM('dirty data'!E26) -> govinda.bdr@outlook.com | M26: =CLEAN(TRIM('dirty data'!F26)) -> NABIL0007778 | N26: =SUBSTITUTE(M26, " ", "") -> NABIL0007778 | O26: =SUBSTITUTE(LEFT(M26,5), "0","") -> NABIL | P26: =RIGHT(N26, 5) -> 07778 | Q26: =SUBSTITUTE('dirty data'!G26,"-","/") -> 43135 | R26: =IFERROR(IF(ISNUMBER(Q26),TEXT(Q26,"dd/mm/yyyy"),TEXT(Q26,"dd/mm/yyyy")),"Review") -> 04/02/2018 | T26: =TRIM(_xlfn.CONCAT('dirty data'!H26,'dirty data'!I26,'dirty data'!J26)) -> 45678.9 | U26: =VALUE(TEXT(SUBSTITUTE(SUBSTITUTE(T26,"NPR",""), " ",""),"$#,##,###.00")) -> 45678.9

Sheet final clean data
A1: Customer_ID | B1: Customer_Name | C1: Final Account Number | D1: Account_Validation | E1: Masked_Account | F1: Phone Number Clean | G1: Phone Number Status | H1: Email | I1: Branch Code | J1: Clean Branch ID | K1: Clean Branch Code | L1: Clean Last Transaction Date | M1: clean balance
A2: CUST001 | B2: Ram Sharma | C2: 1234567890 | D2: Valid Account | E2: 123456XXXX | F2: 9876543210 | G2: Valid Number | H2: ram.sharma@email.com | I2: NABIL0001234 | J2: NABIL | K2: 01234 | L2: 22/02/19 | M2: 123456.78
A3: CUST002 | B3: Sita Devi | C3: 9876543210 | D3: Valid Account | E3: 987654XXXX | F3: 987654321 | G3: review- Incomplete number | H3: sita.devi@bank.np | I3: NABIL001234 | J3: NABIL | K3: 01234 | L3: 31/10/18 | M3: 234567
A4: CUST003 | B4: Hari Prasad Khanal | C4: 1234567890 | D4: Valid Account | E4: 123456XXXX | F4: 9841234567 | G4: Valid Number | H4: hari.prasad@gmail.com | I4: NBLB0005678 | J4: NBLB | K4: 05678 | L4: 04/02/2018 | M4: 45678.9
A5: CUST004 | B5: Gita Kumari | C5: 9876543210 | D5: Valid Account | E5: 987654XXXX | F5: 9801233590 | G5: Valid Number | H5: gita@outlook.com | I5: NABIL0009876 | J5: NABIL | K5: 09876 | L5: 11/08/2018 | M5: 67890
A6: CUST005 | B6: Bikash Thapa | C6: 12345678901 | D6: Review | E6: 123456XXXXX | F6: 986543210 | G6: review- Incomplete number | H6: bikash.thapa@fintech.np | I6: PRAB0001234 | J6: PRAB | K6: 01234 | L6: 19/07/18 | M6: 12345.67
A7: CUST006 | B7: Sushma Sharma | C7: 9876543210 | D7: Valid Account | E7: 987654XXXX | F7: 9854321098 | G7: Valid Number | H7: sushma.sharma@yahoo.com | I7: NIBL0004321 | J7: NIBL | K7: 04321 | L7: 22/04/18 | M7: 98765
A8: CUST007 | B8: Krishna Bahadur | C8: 1234567890 | D8: Valid Account | E8: 123456XXXX | F8: 976543210 | G8: review- Incomplete number | H8: krishna.bdr@gmail.com | I8: NABIL005678 | J8: NABIL | K8: 05678 | L8: 14/02/19 | M8: 123456
A9: CUST008 | B9: Laxmi Devi | C9: 9876543210 | D9: Valid Account | E9: 987654XXXX | F9: 984123456 | G9: review- Incomplete number | H9: laxmi.devi@bank.com | I9: PRAB0009876 | J9: PRAB | K9: 09876 | L9: 21/09/19 | M9: 567890
A10: CUST009 | B10: Rajesh Kc | C10: 123456789012 | D10: Review | E10: 123456XXXXXX | F10: 9807654321 | G10: Valid Number | H10: rajesh.kc@fintech.np | I10: NBLB0001111 | J10: NBLB | K10: 01111 | L10: 24/10/19 | M10: 23456
A11: CUST010 | B11: Anita Shrestha | C11: 9876543210 | D11: Valid Account | E11: 987654XXXX | F11: 9876543210 | G11: Valid Number | H11: anita.shrestha@gmail.com | I11: NABIL0002222 | J11: NABIL | K11: 02222 | L11: 26/02/20 | M11: 78901.23
A12: CUST011 | B12: Deepak Pandey | C12: 1234567890 | D12: Valid Account | E12: 123456XXXX | F12: 9865432109 | G12: Valid Number | H12: deepak.pandey@bank.np | I12: PRAB0003333 | J12: PRAB | K12: 03333 | L12: 07/10/2019 | M12: 34567.89
A13: CUST012 | B13: Meena Gurung | C13: 9876543210 | D13: Valid Account | E13: 987654XXXX | F13: 976543210 | G13: review- Incomplete number | H13: meena.gurung@yahoo.com | I13: NIBL0004444 | J13: NIBL | K13: 04444 | L13: 22/02/19 | M13: 111222
... A26: CUST025 | B26: Govinda Bahadur | C26: 123456789012 | D26: Review | E26: 123456XXXXXX | F26: 976543210 | G26: review- Incomplete number | H26: govinda.bdr@outlook.com | I26: NABIL0007778 | J26: NABIL | K26: 07778 | L26: 04/02/2018 | M26: 45678.9
